date,region,positive
3/5/2020,AB,0
3/6/2020,AB,1
3/9/2020,AB,7
3/10/2020,AB,16
3/11/2020,AB,24
3/12/2020,AB,26
3/13/2020,AB,34
3/14/2020,AB,53
3/15/2020,AB,62
3/16/2020,AB,89
3/17/2020,AB,100
3/18/2020,AB,131
3/19/2020,AB,164
3/20/2020,AB,208
3/21/2020,AB,242
3/22/2020,AB,281
3/23/2020,AB,331
3/24/2020,AB,398
3/25/2020,AB,454
3/26/2020,AB,501
3/27/2020,AB,586
3/28/2020,AB,632
3/29/2020,AB,659
3/30/2020,AB,698
3/31/2020,AB,831
4/1/2020,AB,937
4/2/2020,AB,1049
4/3/2020,AB,1104
4/4/2020,AB,1153
4/5/2020,AB,1197
4/6/2020,AB,1227
4/7/2020,AB,1276
4/8/2020,AB,1307
4/9/2020,AB,1346
4/10/2020,AB,1398
4/11/2020,AB,1450
4/12/2020,AB,1519
4/13/2020,AB,1586
4/14/2020,AB,1714
4/15/2020,AB,1843
4/16/2020,AB,1985
4/17/2020,AB,2198
4/18/2020,AB,2385
4/19/2020,AB,2583
4/20/2020,AB,2772
4/21/2020,AB,3042
4/22/2020,AB,3335
4/23/2020,AB,3686
4/24/2020,AB,3926
4/25/2020,AB,4156
4/26/2020,AB,4362
4/27/2020,AB,4542
4/28/2020,AB,4803
4/29/2020,AB,5038
4/30/2020,AB,5266
5/1/2020,AB,5399
5/2/2020,AB,5516
5/3/2020,AB,5586
5/4/2020,AB,5662
5/5/2020,AB,5725
5/6/2020,AB,5790
5/7/2020,AB,5871
5/8/2020,AB,5951
5/9/2020,AB,6035
5/10/2020,AB,6108
5/11/2020,AB,6156
5/12/2020,AB,6227
5/13/2020,AB,6291
5/14/2020,AB,6352
5/15/2020,AB,6423
5/16/2020,AB,6477
5/17/2020,AB,6523
5/18/2020,AB,6562
5/19/2020,AB,6607
5/20/2020,AB,6634
5/21/2020,AB,6664
5/22/2020,AB,6691
5/23/2020,AB,6724
5/24/2020,AB,6753
5/25/2020,AB,6766
5/26/2020,AB,6785
5/27/2020,AB,6812
5/28/2020,AB,6843
5/29/2020,AB,6873
5/30/2020,AB,6894
5/31/2020,AB,6931
6/1/2020,AB,6953
6/2/2020,AB,6973
6/3/2020,AB,6991
6/4/2020,AB,7013
6/5/2020,AB,7053
6/6/2020,AB,7076
6/7/2020,AB,7110
6/8/2020,AB,7135
6/9/2020,AB,7174
6/10/2020,AB,7222
6/11/2020,AB,7267
6/12/2020,AB,7294
6/13/2020,AB,7331
6/14/2020,AB,7385
6/15/2020,AB,7421
6/16/2020,AB,7468
6/17/2020,AB,7514
6/18/2020,AB,7561
6/19/2020,AB,7609
6/20/2020,AB,7641
6/21/2020,AB,7680
6/22/2020,AB,7718
6/23/2020,AB,7764
6/24/2020,AB,7791
6/25/2020,AB,7828
6/26/2020,AB,7896
6/27/2020,AB,7935
6/28/2020,AB,8003
6/29/2020,AB,8048
6/30/2020,AB,8082
7/1/2020,AB,8146
7/2/2020,AB,8204
7/3/2020,AB,8235
7/4/2020,AB,8284
7/5/2020,AB,8333
7/6/2020,AB,8380
7/7/2020,AB,8423
7/8/2020,AB,8466
7/9/2020,AB,8540
7/10/2020,AB,8605
7/11/2020,AB,8695
7/12/2020,AB,8773
7/13/2020,AB,8861
7/14/2020,AB,8946
7/15/2020,AB,9064
7/16/2020,AB,9165
7/17/2020,AB,9333
7/18/2020,AB,9437
7/19/2020,AB,9529
7/20/2020,AB,9662
7/21/2020,AB,9798
7/22/2020,AB,9906
7/23/2020,AB,10021
7/24/2020,AB,10140
7/25/2020,AB,10238
7/26/2020,AB,10328
7/27/2020,AB,10411
7/28/2020,AB,10544
7/29/2020,AB,10663
7/30/2020,AB,10789
7/31/2020,AB,10890
8/1/2020,AB,10958
8/2/2020,AB,11031
8/3/2020,AB,11095
8/4/2020,AB,11191
8/5/2020,AB,11252
8/6/2020,AB,11383
8/7/2020,AB,11499
8/8/2020,AB,11599
8/9/2020,AB,11647
8/10/2020,AB,11734
8/11/2020,AB,11850
8/12/2020,AB,11925
8/13/2020,AB,12009
8/14/2020,AB,12111
8/15/2020,AB,12196
8/16/2020,AB,12296
8/17/2020,AB,12382
8/18/2020,AB,12464
8/19/2020,AB,12566
8/20/2020,AB,12706
8/21/2020,AB,12794
8/22/2020,AB,12900
8/23/2020,AB,12969
8/24/2020,AB,13043
8/25/2020,AB,13169
8/26/2020,AB,13276
8/27/2020,AB,13432
8/28/2020,AB,13575
8/29/2020,AB,13761
8/30/2020,AB,13870
8/31/2020,AB,14024
9/1/2020,AB,14138
9/2/2020,AB,14268
9/3/2020,AB,14422
9/4/2020,AB,14591
9/5/2020,AB,14761
9/6/2020,AB,14897
9/7/2020,AB,15044
9/8/2020,AB,15142
9/9/2020,AB,15256
9/10/2020,AB,15373
9/11/2020,AB,15491
9/12/2020,AB,15660
9/13/2020,AB,15800
9/14/2020,AB,15924
9/15/2020,AB,16097
9/16/2020,AB,16243
9/17/2020,AB,16345
9/18/2020,AB,16462
9/19/2020,AB,16562
9/20/2020,AB,16684
9/21/2020,AB,16820
9/22/2020,AB,16958
9/23/2020,AB,17089
9/24/2020,AB,17235
9/25/2020,AB,17359
9/26/2020,AB,17538
9/27/2020,AB,17694
9/28/2020,AB,17849
9/29/2020,AB,17999
9/30/2020,AB,18157
10/1/2020,AB,18297
10/2/2020,AB,18418
10/3/2020,AB,18675
10/4/2020,AB,18883
10/5/2020,AB,19165
10/6/2020,AB,19287
10/7/2020,AB,19638
10/8/2020,AB,19949
10/9/2020,AB,20210
10/10/2020,AB,20464
10/11/2020,AB,20710
10/12/2020,AB,20932
10/13/2020,AB,21173
10/14/2020,AB,21421
10/15/2020,AB,21744
10/16/2020,AB,22053
10/17/2020,AB,22288
10/18/2020,AB,22663
10/19/2020,AB,22990
10/20/2020,AB,23387
10/21/2020,AB,23825
10/22/2020,AB,24266
10/23/2020,AB,24657
10/24/2020,AB,25229
10/25/2020,AB,25733
10/26/2020,AB,26155
10/27/2020,AB,26565
10/28/2020,AB,27042
10/29/2020,AB,27664
10/30/2020,AB,28245
10/31/2020,AB,28770
11/1/2020,AB,29362
11/2/2020,AB,29932
11/3/2020,AB,30447
11/4/2020,AB,31247
11/5/2020,AB,31893
11/6/2020,AB,32811
11/7/2020,AB,33522
11/8/2020,AB,34162
11/9/2020,AB,34875
11/10/2020,AB,35547
11/11/2020,AB,36407
11/12/2020,AB,37314
11/13/2020,AB,38342
11/14/2020,AB,39333
11/15/2020,AB,40193
11/16/2020,AB,40966
11/17/2020,AB,41698
11/18/2020,AB,42803
11/19/2020,AB,43958
11/20/2020,AB,45294
11/21/2020,AB,46878
11/22/2020,AB,48427
11/23/2020,AB,49542
11/24/2020,AB,50807
11/25/2020,AB,51884
11/26/2020,AB,53111
11/27/2020,AB,54841
11/28/2020,AB,56450
11/29/2020,AB,58183
11/30/2020,AB,59490
12/1/2020,AB,61175
12/2/2020,AB,63029
12/3/2020,AB,64849
12/4/2020,AB,66737
12/5/2020,AB,68572
12/6/2020,AB,70301
12/7/2020,AB,72028
12/8/2020,AB,73488
3/5/2020,Calgary,0
3/6/2020,Calgary,1
3/9/2020,Calgary,4
3/10/2020,Calgary,10
3/11/2020,Calgary,15
3/12/2020,Calgary,17
3/13/2020,Calgary,24
3/14/2020,Calgary,37
3/15/2020,Calgary,46
3/16/2020,Calgary,63
3/17/2020,Calgary,66
3/18/2020,Calgary,89
3/19/2020,Calgary,104
3/20/2020,Calgary,134
3/21/2020,Calgary,160
3/22/2020,Calgary,193
3/23/2020,Calgary,220
3/24/2020,Calgary,258
3/25/2020,Calgary,304
3/26/2020,Calgary,349
3/27/2020,Calgary,392
3/28/2020,Calgary,425
3/29/2020,Calgary,448
3/30/2020,Calgary,468
3/31/2020,Calgary,552
4/1/2020,Calgary,615
4/2/2020,Calgary,698
4/3/2020,Calgary,745
4/4/2020,Calgary,778
4/5/2020,Calgary,793
4/6/2020,Calgary,810
4/7/2020,Calgary,835
4/8/2020,Calgary,854
4/9/2020,Calgary,893
4/10/2020,Calgary,936
4/11/2020,Calgary,987
4/12/2020,Calgary,1046
4/13/2020,Calgary,1110
4/14/2020,Calgary,1221
4/15/2020,Calgary,1323
4/16/2020,Calgary,1454
4/17/2020,Calgary,1635
4/18/2020,Calgary,1777
4/19/2020,Calgary,1932
4/20/2020,Calgary,2045
4/21/2020,Calgary,2208
4/22/2020,Calgary,2440
4/23/2020,Calgary,2674
4/24/2020,Calgary,2830
4/25/2020,Calgary,2964
4/26/2020,Calgary,3091
4/27/2020,Calgary,3204
4/28/2020,Calgary,3340
4/29/2020,Calgary,3447
4/30/2020,Calgary,3533
5/1/2020,Calgary,3640
5/2/2020,Calgary,3733
5/3/2020,Calgary,3789
5/4/2020,Calgary,3855
5/5/2020,Calgary,3902
5/6/2020,Calgary,3957
5/7/2020,Calgary,4024
5/8/2020,Calgary,4090
5/9/2020,Calgary,4160
5/10/2020,Calgary,4221
5/11/2020,Calgary,4266
5/12/2020,Calgary,4330
5/13/2020,Calgary,4377
5/14/2020,Calgary,4421
5/15/2020,Calgary,4479
5/16/2020,Calgary,4524
5/17/2020,Calgary,4565
5/18/2020,Calgary,4600
5/19/2020,Calgary,4638
5/20/2020,Calgary,4659
5/21/2020,Calgary,4684
5/22/2020,Calgary,4705
5/23/2020,Calgary,4735
5/24/2020,Calgary,4757
5/25/2020,Calgary,4770
5/26/2020,Calgary,4785
5/27/2020,Calgary,4808
5/28/2020,Calgary,4831
5/29/2020,Calgary,4851
5/30/2020,Calgary,4863
5/31/2020,Calgary,4884
6/1/2020,Calgary,4902
6/2/2020,Calgary,4909
6/3/2020,Calgary,4923
6/4/2020,Calgary,4934
6/5/2020,Calgary,4946
6/6/2020,Calgary,4957
6/7/2020,Calgary,4965
6/8/2020,Calgary,4976
6/9/2020,Calgary,4997
6/10/2020,Calgary,5021
6/11/2020,Calgary,5042
6/12/2020,Calgary,5051
6/13/2020,Calgary,5074
6/14/2020,Calgary,5093
6/15/2020,Calgary,5104
6/16/2020,Calgary,5125
6/17/2020,Calgary,5141
6/18/2020,Calgary,5160
6/19/2020,Calgary,5177
6/20/2020,Calgary,5183
6/21/2020,Calgary,5206
6/22/2020,Calgary,5218
6/23/2020,Calgary,5229
6/24/2020,Calgary,5237
6/25/2020,Calgary,5249
6/26/2020,Calgary,5283
6/27/2020,Calgary,5295
6/28/2020,Calgary,5326
6/29/2020,Calgary,5348
6/30/2020,Calgary,5361
7/1/2020,Calgary,5378
7/2/2020,Calgary,5381
7/3/2020,Calgary,5395
7/4/2020,Calgary,5415
7/5/2020,Calgary,5432
7/6/2020,Calgary,5446
7/7/2020,Calgary,5461
7/8/2020,Calgary,5480
7/9/2020,Calgary,5513
7/10/2020,Calgary,5531
7/11/2020,Calgary,5575
7/12/2020,Calgary,5618
7/13/2020,Calgary,5656
7/14/2020,Calgary,5686
7/15/2020,Calgary,5745
7/16/2020,Calgary,5782
7/17/2020,Calgary,5884
7/18/2020,Calgary,5946
7/19/2020,Calgary,5999
7/20/2020,Calgary,6051
7/21/2020,Calgary,6130
7/22/2020,Calgary,6190
7/23/2020,Calgary,6245
7/24/2020,Calgary,6295
7/25/2020,Calgary,6346
7/26/2020,Calgary,6383
7/27/2020,Calgary,6414
7/28/2020,Calgary,6456
7/29/2020,Calgary,6479
7/30/2020,Calgary,6505
7/31/2020,Calgary,6549
8/1/2020,Calgary,6574
8/2/2020,Calgary,6595
8/3/2020,Calgary,6611
8/4/2020,Calgary,6641
8/5/2020,Calgary,6657
8/6/2020,Calgary,6689
8/7/2020,Calgary,6725
8/8/2020,Calgary,6761
8/9/2020,Calgary,6775
8/10/2020,Calgary,6786
8/11/2020,Calgary,6800
8/12/2020,Calgary,6833
8/13/2020,Calgary,6852
8/14/2020,Calgary,6872
8/15/2020,Calgary,6896
8/16/2020,Calgary,6916
8/17/2020,Calgary,6929
8/18/2020,Calgary,6949
8/19/2020,Calgary,6983
8/20/2020,Calgary,7018
8/21/2020,Calgary,7065
8/22/2020,Calgary,7106
8/23/2020,Calgary,7134
8/24/2020,Calgary,7151
8/25/2020,Calgary,7197
8/26/2020,Calgary,7234
8/27/2020,Calgary,7331
8/28/2020,Calgary,7413
8/29/2020,Calgary,7483
8/30/2020,Calgary,7515
8/31/2020,Calgary,7581
9/1/2020,Calgary,7613
9/2/2020,Calgary,7664
9/3/2020,Calgary,7716
9/4/2020,Calgary,7781
9/5/2020,Calgary,7828
9/6/2020,Calgary,7876
9/7/2020,Calgary,7922
9/8/2020,Calgary,7951
9/9/2020,Calgary,7978
9/10/2020,Calgary,8006
9/11/2020,Calgary,8052
9/12/2020,Calgary,8100
9/13/2020,Calgary,8155
9/14/2020,Calgary,8185
9/15/2020,Calgary,8232
9/16/2020,Calgary,8275
9/17/2020,Calgary,8323
9/18/2020,Calgary,8358
9/19/2020,Calgary,8396
9/20/2020,Calgary,8440
9/21/2020,Calgary,8500
9/22/2020,Calgary,8534
9/23/2020,Calgary,8599
9/24/2020,Calgary,8640
9/25/2020,Calgary,8708
9/26/2020,Calgary,8766
9/27/2020,Calgary,8809
9/28/2020,Calgary,8870
9/29/2020,Calgary,8914
9/30/2020,Calgary,8947
10/1/2020,Calgary,8983
10/2/2020,Calgary,9054
10/3/2020,Calgary,9107
10/4/2020,Calgary,9160
10/5/2020,Calgary,9212
10/6/2020,Calgary,9259
10/7/2020,Calgary,9314
10/8/2020,Calgary,9358
10/9/2020,Calgary,9432
10/10/2020,Calgary,9503
10/11/2020,Calgary,9579
10/12/2020,Calgary,9651
10/13/2020,Calgary,9726
10/14/2020,Calgary,9804
10/15/2020,Calgary,9898
10/16/2020,Calgary,10003
10/17/2020,Calgary,10115
10/18/2020,Calgary,10229
10/19/2020,Calgary,10356
10/20/2020,Calgary,10538
10/21/2020,Calgary,10703
10/22/2020,Calgary,10853
10/23/2020,Calgary,11010
10/24/2020,Calgary,11162
10/25/2020,Calgary,11319
10/26/2020,Calgary,11534
10/27/2020,Calgary,11741
10/28/2020,Calgary,11955
10/29/2020,Calgary,12239
10/30/2020,Calgary,12528
10/31/2020,Calgary,12773
11/1/2020,Calgary,12995
11/2/2020,Calgary,13208
11/3/2020,Calgary,13416
11/4/2020,Calgary,13735
11/5/2020,Calgary,14030
11/6/2020,Calgary,14354
11/7/2020,Calgary,14643
11/8/2020,Calgary,14882
11/9/2020,Calgary,15189
11/10/2020,Calgary,15486
11/11/2020,Calgary,15825
11/12/2020,Calgary,16171
11/13/2020,Calgary,16587
11/14/2020,Calgary,17023
11/15/2020,Calgary,17381
11/16/2020,Calgary,17730
11/17/2020,Calgary,18026
11/18/2020,Calgary,18391
11/19/2020,Calgary,18794
11/20/2020,Calgary,19229
11/21/2020,Calgary,19704
11/22/2020,Calgary,20162
11/23/2020,Calgary,20586
11/24/2020,Calgary,21042
11/25/2020,Calgary,21465
11/26/2020,Calgary,21885
11/27/2020,Calgary,22535
11/28/2020,Calgary,23188
11/29/2020,Calgary,23930
11/30/2020,Calgary,24359
12/1/2020,Calgary,24990
12/2/2020,Calgary,25591
12/3/2020,Calgary,26260
12/4/2020,Calgary,27013
12/5/2020,Calgary,27772
12/6/2020,Calgary,28360
12/7/2020,Calgary,28950
12/8/2020,Calgary,29494
3/5/2020,Edmonton,0
3/6/2020,Edmonton,0
3/9/2020,Edmonton,3
3/10/2020,Edmonton,6
3/11/2020,Edmonton,7
3/12/2020,Edmonton,7
3/13/2020,Edmonton,8
3/14/2020,Edmonton,17
3/15/2020,Edmonton,18
3/16/2020,Edmonton,23
3/17/2020,Edmonton,29
3/18/2020,Edmonton,32
3/19/2020,Edmonton,40
3/20/2020,Edmonton,53
3/21/2020,Edmonton,57
3/22/2020,Edmonton,62
3/23/2020,Edmonton,76
3/24/2020,Edmonton,91
3/25/2020,Edmonton,103
3/26/2020,Edmonton,107
3/27/2020,Edmonton,128
3/28/2020,Edmonton,144
3/29/2020,Edmonton,154
3/30/2020,Edmonton,170
3/31/2020,Edmonton,205
4/1/2020,Edmonton,249
4/2/2020,Edmonton,277
4/3/2020,Edmonton,295
4/4/2020,Edmonton,309
4/5/2020,Edmonton,329
4/6/2020,Edmonton,339
4/7/2020,Edmonton,352
4/8/2020,Edmonton,363
4/9/2020,Edmonton,370
4/10/2020,Edmonton,372
4/11/2020,Edmonton,378
4/12/2020,Edmonton,382
4/13/2020,Edmonton,384
4/14/2020,Edmonton,389
4/15/2020,Edmonton,399
4/16/2020,Edmonton,405
4/17/2020,Edmonton,409
4/18/2020,Edmonton,412
4/19/2020,Edmonton,418
4/20/2020,Edmonton,429
4/21/2020,Edmonton,433
4/22/2020,Edmonton,436
4/23/2020,Edmonton,444
4/24/2020,Edmonton,456
4/25/2020,Edmonton,464
4/26/2020,Edmonton,467
4/27/2020,Edmonton,469
4/28/2020,Edmonton,472
4/29/2020,Edmonton,474
4/30/2020,Edmonton,479
5/1/2020,Edmonton,481
5/2/2020,Edmonton,482
5/3/2020,Edmonton,484
5/4/2020,Edmonton,485
5/5/2020,Edmonton,488
5/6/2020,Edmonton,488
5/7/2020,Edmonton,490
5/8/2020,Edmonton,490
5/9/2020,Edmonton,492
5/10/2020,Edmonton,496
5/11/2020,Edmonton,496
5/12/2020,Edmonton,498
5/13/2020,Edmonton,500
5/14/2020,Edmonton,500
5/15/2020,Edmonton,501
5/16/2020,Edmonton,502
5/17/2020,Edmonton,502
5/18/2020,Edmonton,502
5/19/2020,Edmonton,503
5/20/2020,Edmonton,505
5/21/2020,Edmonton,505
5/22/2020,Edmonton,505
5/23/2020,Edmonton,505
5/24/2020,Edmonton,506
5/25/2020,Edmonton,506
5/26/2020,Edmonton,508
5/27/2020,Edmonton,511
5/28/2020,Edmonton,512
5/29/2020,Edmonton,522
5/30/2020,Edmonton,527
5/31/2020,Edmonton,536
6/1/2020,Edmonton,539
6/2/2020,Edmonton,544
6/3/2020,Edmonton,546
6/4/2020,Edmonton,553
6/5/2020,Edmonton,575
6/6/2020,Edmonton,587
6/7/2020,Edmonton,604
6/8/2020,Edmonton,615
6/9/2020,Edmonton,631
6/10/2020,Edmonton,654
6/11/2020,Edmonton,673
6/12/2020,Edmonton,686
6/13/2020,Edmonton,695
6/14/2020,Edmonton,715
6/15/2020,Edmonton,736
6/16/2020,Edmonton,749
6/17/2020,Edmonton,770
6/18/2020,Edmonton,796
6/19/2020,Edmonton,825
6/20/2020,Edmonton,847
6/21/2020,Edmonton,857
6/22/2020,Edmonton,883
6/23/2020,Edmonton,910
6/24/2020,Edmonton,920
6/25/2020,Edmonton,942
6/26/2020,Edmonton,957
6/27/2020,Edmonton,980
6/28/2020,Edmonton,1013
6/29/2020,Edmonton,1026
6/30/2020,Edmonton,1040
7/1/2020,Edmonton,1063
7/2/2020,Edmonton,1083
7/3/2020,Edmonton,1088
7/4/2020,Edmonton,1105
7/5/2020,Edmonton,1124
7/6/2020,Edmonton,1150
7/7/2020,Edmonton,1167
7/8/2020,Edmonton,1175
7/9/2020,Edmonton,1196
7/10/2020,Edmonton,1215
7/11/2020,Edmonton,1238
7/12/2020,Edmonton,1250
7/13/2020,Edmonton,1270
7/14/2020,Edmonton,1285
7/15/2020,Edmonton,1308
7/16/2020,Edmonton,1334
7/17/2020,Edmonton,1352
7/18/2020,Edmonton,1369
7/19/2020,Edmonton,1385
7/20/2020,Edmonton,1412
7/21/2020,Edmonton,1435
7/22/2020,Edmonton,1446
7/23/2020,Edmonton,1470
7/24/2020,Edmonton,1498
7/25/2020,Edmonton,1517
7/26/2020,Edmonton,1551
7/27/2020,Edmonton,1568
7/28/2020,Edmonton,1596
7/29/2020,Edmonton,1620
7/30/2020,Edmonton,1637
7/31/2020,Edmonton,1673
8/1/2020,Edmonton,1694
8/2/2020,Edmonton,1717
8/3/2020,Edmonton,1743
8/4/2020,Edmonton,1791
8/5/2020,Edmonton,1828
8/6/2020,Edmonton,1864
8/7/2020,Edmonton,1916
8/8/2020,Edmonton,1958
8/9/2020,Edmonton,1984
8/10/2020,Edmonton,2035
8/11/2020,Edmonton,2124
8/12/2020,Edmonton,2152
8/13/2020,Edmonton,2204
8/14/2020,Edmonton,2267
8/15/2020,Edmonton,2321
8/16/2020,Edmonton,2383
8/17/2020,Edmonton,2438
8/18/2020,Edmonton,2489
8/19/2020,Edmonton,2539
8/20/2020,Edmonton,2628
8/21/2020,Edmonton,2653
8/22/2020,Edmonton,2698
8/23/2020,Edmonton,2728
8/24/2020,Edmonton,2765
8/25/2020,Edmonton,2829
8/26/2020,Edmonton,2877
8/27/2020,Edmonton,2912
8/28/2020,Edmonton,2958
8/29/2020,Edmonton,3033
8/30/2020,Edmonton,3087
8/31/2020,Edmonton,3147
9/1/2020,Edmonton,3197
9/2/2020,Edmonton,3241
9/3/2020,Edmonton,3319
9/4/2020,Edmonton,3386
9/5/2020,Edmonton,3470
9/6/2020,Edmonton,3531
9/7/2020,Edmonton,3595
9/8/2020,Edmonton,3641
9/9/2020,Edmonton,3701
9/10/2020,Edmonton,3757
9/11/2020,Edmonton,3791
9/12/2020,Edmonton,3878
9/13/2020,Edmonton,3949
9/14/2020,Edmonton,4017
9/15/2020,Edmonton,4130
9/16/2020,Edmonton,4234
9/17/2020,Edmonton,4288
9/18/2020,Edmonton,4378
9/19/2020,Edmonton,4451
9/20/2020,Edmonton,4538
9/21/2020,Edmonton,4616
9/22/2020,Edmonton,4696
9/23/2020,Edmonton,4751
9/24/2020,Edmonton,4820
9/25/2020,Edmonton,4910
9/26/2020,Edmonton,4995
9/27/2020,Edmonton,5068
9/28/2020,Edmonton,5129
9/29/2020,Edmonton,5248
9/30/2020,Edmonton,5351
10/1/2020,Edmonton,5449
10/2/2020,Edmonton,5575
10/3/2020,Edmonton,5690
10/4/2020,Edmonton,5815
10/5/2020,Edmonton,5939
10/6/2020,Edmonton,6103
10/7/2020,Edmonton,6242
10/8/2020,Edmonton,6357
10/9/2020,Edmonton,6493
10/10/2020,Edmonton,6616
10/11/2020,Edmonton,6748
10/12/2020,Edmonton,6859
10/13/2020,Edmonton,6986
10/14/2020,Edmonton,7108
10/15/2020,Edmonton,7283
10/16/2020,Edmonton,7435
10/17/2020,Edmonton,7521
10/18/2020,Edmonton,7722
10/19/2020,Edmonton,7874
10/20/2020,Edmonton,8049
10/21/2020,Edmonton,8268
10/22/2020,Edmonton,8457
10/23/2020,Edmonton,8638
10/24/2020,Edmonton,8951
10/25/2020,Edmonton,9215
10/26/2020,Edmonton,9371
10/27/2020,Edmonton,9516
10/28/2020,Edmonton,9709
10/29/2020,Edmonton,9921
10/30/2020,Edmonton,10120
10/31/2020,Edmonton,10290
11/1/2020,Edmonton,10582
11/2/2020,Edmonton,10878
11/3/2020,Edmonton,11144
11/4/2020,Edmonton,11459
11/5/2020,Edmonton,11757
11/6/2020,Edmonton,12109
11/7/2020,Edmonton,12337
11/8/2020,Edmonton,12617
11/9/2020,Edmonton,12961
11/10/2020,Edmonton,13205
11/11/2020,Edmonton,13588
11/12/2020,Edmonton,13980
11/13/2020,Edmonton,14407
11/14/2020,Edmonton,14809
11/15/2020,Edmonton,15142
11/16/2020,Edmonton,15453
11/17/2020,Edmonton,15778
11/18/2020,Edmonton,16296
11/19/2020,Edmonton,16801
11/20/2020,Edmonton,17516
11/21/2020,Edmonton,18354
11/22/2020,Edmonton,19157
11/23/2020,Edmonton,19678
11/24/2020,Edmonton,20244
11/25/2020,Edmonton,20692
11/26/2020,Edmonton,21337
11/27/2020,Edmonton,22150
11/28/2020,Edmonton,22822
11/29/2020,Edmonton,23427
11/30/2020,Edmonton,24082
12/1/2020,Edmonton,24896
12/2/2020,Edmonton,25891
12/3/2020,Edmonton,26718
12/4/2020,Edmonton,27528
12/5/2020,Edmonton,28288
12/6/2020,Edmonton,29107
12/7/2020,Edmonton,29906
12/8/2020,Edmonton,30607
3/5/2020,Central,0
3/6/2020,Central,0
3/9/2020,Central,0
3/10/2020,Central,0
3/11/2020,Central,1
3/12/2020,Central,1
3/13/2020,Central,1
3/14/2020,Central,1
3/15/2020,Central,1
3/16/2020,Central,2
3/17/2020,Central,3
3/18/2020,Central,3
3/19/2020,Central,3
3/20/2020,Central,4
3/21/2020,Central,6
3/22/2020,Central,11
3/23/2020,Central,23
3/24/2020,Central,33
3/25/2020,Central,34
3/26/2020,Central,35
3/27/2020,Central,41
3/28/2020,Central,42
3/29/2020,Central,43
3/30/2020,Central,44
3/31/2020,Central,48
4/1/2020,Central,50
4/2/2020,Central,54
4/3/2020,Central,55
4/4/2020,Central,56
4/5/2020,Central,60
4/6/2020,Central,60
4/7/2020,Central,66
4/8/2020,Central,66
4/9/2020,Central,66
4/10/2020,Central,66
4/11/2020,Central,66
4/12/2020,Central,68
4/13/2020,Central,68
4/14/2020,Central,68
4/15/2020,Central,68
4/16/2020,Central,68
4/17/2020,Central,69
4/18/2020,Central,69
4/19/2020,Central,70
4/20/2020,Central,70
4/21/2020,Central,72
4/22/2020,Central,72
4/23/2020,Central,74
4/24/2020,Central,74
4/25/2020,Central,74
4/26/2020,Central,76
4/27/2020,Central,76
4/28/2020,Central,76
4/29/2020,Central,76
4/30/2020,Central,76
5/1/2020,Central,77
5/2/2020,Central,77
5/3/2020,Central,77
5/4/2020,Central,77
5/5/2020,Central,79
5/6/2020,Central,80
5/7/2020,Central,84
5/8/2020,Central,84
5/9/2020,Central,84
5/10/2020,Central,84
5/11/2020,Central,84
5/12/2020,Central,84
5/13/2020,Central,84
5/14/2020,Central,87
5/15/2020,Central,87
5/16/2020,Central,87
5/17/2020,Central,87
5/18/2020,Central,87
5/19/2020,Central,87
5/20/2020,Central,87
5/21/2020,Central,87
5/22/2020,Central,87
5/23/2020,Central,87
5/24/2020,Central,87
5/25/2020,Central,87
5/26/2020,Central,87
5/27/2020,Central,87
5/28/2020,Central,87
5/29/2020,Central,87
5/30/2020,Central,87
5/31/2020,Central,87
6/1/2020,Central,87
6/2/2020,Central,87
6/3/2020,Central,87
6/4/2020,Central,87
6/5/2020,Central,87
6/6/2020,Central,87
6/7/2020,Central,87
6/8/2020,Central,87
6/9/2020,Central,87
6/10/2020,Central,87
6/11/2020,Central,87
6/12/2020,Central,87
6/13/2020,Central,88
6/14/2020,Central,88
6/15/2020,Central,88
6/16/2020,Central,88
6/17/2020,Central,88
6/18/2020,Central,89
6/19/2020,Central,89
6/20/2020,Central,89
6/21/2020,Central,89
6/22/2020,Central,89
6/23/2020,Central,89
6/24/2020,Central,90
6/25/2020,Central,90
6/26/2020,Central,90
6/27/2020,Central,91
6/28/2020,Central,91
6/29/2020,Central,92
6/30/2020,Central,92
7/1/2020,Central,92
7/2/2020,Central,92
7/3/2020,Central,92
7/4/2020,Central,93
7/5/2020,Central,93
7/6/2020,Central,94
7/7/2020,Central,97
7/8/2020,Central,101
7/9/2020,Central,104
7/10/2020,Central,110
7/11/2020,Central,118
7/12/2020,Central,127
7/13/2020,Central,141
7/14/2020,Central,153
7/15/2020,Central,169
7/16/2020,Central,187
7/17/2020,Central,210
7/18/2020,Central,221
7/19/2020,Central,227
7/20/2020,Central,241
7/21/2020,Central,258
7/22/2020,Central,274
7/23/2020,Central,291
7/24/2020,Central,305
7/25/2020,Central,312
7/26/2020,Central,315
7/27/2020,Central,325
7/28/2020,Central,355
7/29/2020,Central,396
7/30/2020,Central,462
7/31/2020,Central,470
8/1/2020,Central,474
8/2/2020,Central,476
8/3/2020,Central,482
8/4/2020,Central,483
8/5/2020,Central,488
8/6/2020,Central,529
8/7/2020,Central,538
8/8/2020,Central,540
8/9/2020,Central,541
8/10/2020,Central,544
8/11/2020,Central,544
8/12/2020,Central,544
8/13/2020,Central,545
8/14/2020,Central,551
8/15/2020,Central,552
8/16/2020,Central,558
8/17/2020,Central,561
8/18/2020,Central,563
8/19/2020,Central,565
8/20/2020,Central,567
8/21/2020,Central,569
8/22/2020,Central,569
8/23/2020,Central,569
8/24/2020,Central,571
8/25/2020,Central,573
8/26/2020,Central,575
8/27/2020,Central,576
8/28/2020,Central,576
8/29/2020,Central,584
8/30/2020,Central,589
8/31/2020,Central,591
9/1/2020,Central,599
9/2/2020,Central,609
9/3/2020,Central,614
9/4/2020,Central,615
9/5/2020,Central,620
9/6/2020,Central,622
9/7/2020,Central,629
9/8/2020,Central,629
9/9/2020,Central,630
9/10/2020,Central,632
9/11/2020,Central,639
9/12/2020,Central,645
9/13/2020,Central,647
9/14/2020,Central,648
9/15/2020,Central,649
9/16/2020,Central,650
9/17/2020,Central,650
9/18/2020,Central,653
9/19/2020,Central,654
9/20/2020,Central,658
9/21/2020,Central,661
9/22/2020,Central,661
9/23/2020,Central,663
9/24/2020,Central,664
9/25/2020,Central,665
9/26/2020,Central,667
9/27/2020,Central,669
9/28/2020,Central,669
9/29/2020,Central,671
9/30/2020,Central,674
10/1/2020,Central,678
10/2/2020,Central,679
10/3/2020,Central,684
10/4/2020,Central,688
10/5/2020,Central,694
10/6/2020,Central,701
10/7/2020,Central,710
10/8/2020,Central,717
10/9/2020,Central,735
10/10/2020,Central,754
10/11/2020,Central,769
10/12/2020,Central,785
10/13/2020,Central,788
10/14/2020,Central,799
10/15/2020,Central,817
10/16/2020,Central,826
10/17/2020,Central,840
10/18/2020,Central,847
10/19/2020,Central,852
10/20/2020,Central,860
10/21/2020,Central,869
10/22/2020,Central,891
10/23/2020,Central,904
10/24/2020,Central,927
10/25/2020,Central,946
10/26/2020,Central,954
10/27/2020,Central,965
10/28/2020,Central,985
10/29/2020,Central,1016
10/30/2020,Central,1044
10/31/2020,Central,1066
11/1/2020,Central,1097
11/2/2020,Central,1105
11/3/2020,Central,1122
11/4/2020,Central,1149
11/5/2020,Central,1177
11/6/2020,Central,1221
11/7/2020,Central,1247
11/8/2020,Central,1275
11/9/2020,Central,1286
11/10/2020,Central,1317
11/11/2020,Central,1368
11/12/2020,Central,1409
11/13/2020,Central,1466
11/14/2020,Central,1512
11/15/2020,Central,1559
11/16/2020,Central,1580
11/17/2020,Central,1623
11/18/2020,Central,1712
11/19/2020,Central,1796
11/20/2020,Central,1867
11/21/2020,Central,1997
11/22/2020,Central,2107
11/23/2020,Central,2175
11/24/2020,Central,2262
11/25/2020,Central,2377
11/26/2020,Central,2444
11/27/2020,Central,2550
11/28/2020,Central,2678
11/29/2020,Central,2877
11/30/2020,Central,2971
12/1/2020,Central,3033
12/2/2020,Central,3148
12/3/2020,Central,3269
12/4/2020,Central,3446
12/5/2020,Central,3561
12/6/2020,Central,3706
12/7/2020,Central,3880
12/8/2020,Central,3980
3/5/2020,North,0
3/6/2020,North,0
3/9/2020,North,0
3/10/2020,North,0
3/11/2020,North,0
3/12/2020,North,1
3/13/2020,North,1
3/14/2020,North,1
3/15/2020,North,1
3/16/2020,North,2
3/17/2020,North,3
3/18/2020,North,4
3/19/2020,North,12
3/20/2020,North,13
3/21/2020,North,15
3/22/2020,North,18
3/23/2020,North,18
3/24/2020,North,20
3/25/2020,North,23
3/26/2020,North,26
3/27/2020,North,39
3/28/2020,North,43
3/29/2020,North,43
3/30/2020,North,46
3/31/2020,North,55
4/1/2020,North,55
4/2/2020,North,60
4/3/2020,North,62
4/4/2020,North,73
4/5/2020,North,76
4/6/2020,North,82
4/7/2020,North,89
4/8/2020,North,91
4/9/2020,North,91
4/10/2020,North,93
4/11/2020,North,98
4/12/2020,North,100
4/13/2020,North,102
4/14/2020,North,110
4/15/2020,North,118
4/16/2020,North,118
4/17/2020,North,123
4/18/2020,North,124
4/19/2020,North,129
4/20/2020,North,137
4/21/2020,North,142
4/22/2020,North,147
4/23/2020,North,154
4/24/2020,North,164
4/25/2020,North,171
4/26/2020,North,186
4/27/2020,North,193
4/28/2020,North,196
4/29/2020,North,200
4/30/2020,North,205
5/1/2020,North,207
5/2/2020,North,208
5/3/2020,North,212
5/4/2020,North,212
5/5/2020,North,214
5/6/2020,North,216
5/7/2020,North,216
5/8/2020,North,218
5/9/2020,North,219
5/10/2020,North,219
5/11/2020,North,219
5/12/2020,North,219
5/13/2020,North,219
5/14/2020,North,221
5/15/2020,North,221
5/16/2020,North,221
5/17/2020,North,222
5/18/2020,North,222
5/19/2020,North,223
5/20/2020,North,223
5/21/2020,North,225
5/22/2020,North,226
5/23/2020,North,227
5/24/2020,North,227
5/25/2020,North,227
5/26/2020,North,228
5/27/2020,North,229
5/28/2020,North,233
5/29/2020,North,233
5/30/2020,North,236
5/31/2020,North,236
6/1/2020,North,236
6/2/2020,North,241
6/3/2020,North,241
6/4/2020,North,241
6/5/2020,North,242
6/6/2020,North,242
6/7/2020,North,243
6/8/2020,North,244
6/9/2020,North,245
6/10/2020,North,245
6/11/2020,North,247
6/12/2020,North,250
6/13/2020,North,250
6/14/2020,North,262
6/15/2020,North,266
6/16/2020,North,270
6/17/2020,North,277
6/18/2020,North,277
6/19/2020,North,277
6/20/2020,North,280
6/21/2020,North,280
6/22/2020,North,282
6/23/2020,North,287
6/24/2020,North,291
6/25/2020,North,292
6/26/2020,North,302
6/27/2020,North,304
6/28/2020,North,304
6/29/2020,North,308
6/30/2020,North,312
7/1/2020,North,313
7/2/2020,North,320
7/3/2020,North,324
7/4/2020,North,328
7/5/2020,North,338
7/6/2020,North,343
7/7/2020,North,347
7/8/2020,North,353
7/9/2020,North,357
7/10/2020,North,366
7/11/2020,North,372
7/12/2020,North,380
7/13/2020,North,390
7/14/2020,North,398
7/15/2020,North,402
7/16/2020,North,411
7/17/2020,North,426
7/18/2020,North,432
7/19/2020,North,438
7/20/2020,North,454
7/21/2020,North,460
7/22/2020,North,472
7/23/2020,North,476
7/24/2020,North,487
7/25/2020,North,497
7/26/2020,North,508
7/27/2020,North,514
7/28/2020,North,531
7/29/2020,North,547
7/30/2020,North,553
7/31/2020,North,558
8/1/2020,North,566
8/2/2020,North,587
8/3/2020,North,598
8/4/2020,North,610
8/5/2020,North,611
8/6/2020,North,625
8/7/2020,North,637
8/8/2020,North,650
8/9/2020,North,654
8/10/2020,North,667
8/11/2020,North,677
8/12/2020,North,686
8/13/2020,North,695
8/14/2020,North,708
8/15/2020,North,711
8/16/2020,North,716
8/17/2020,North,727
8/18/2020,North,735
8/19/2020,North,748
8/20/2020,North,763
8/21/2020,North,776
8/22/2020,North,793
8/23/2020,North,804
8/24/2020,North,819
8/25/2020,North,831
8/26/2020,North,850
8/27/2020,North,870
8/28/2020,North,879
8/29/2020,North,906
8/30/2020,North,921
8/31/2020,North,941
9/1/2020,North,958
9/2/2020,North,979
9/3/2020,North,1000
9/4/2020,North,1031
9/5/2020,North,1059
9/6/2020,North,1080
9/7/2020,North,1109
9/8/2020,North,1126
9/9/2020,North,1148
9/10/2020,North,1175
9/11/2020,North,1200
9/12/2020,North,1222
9/13/2020,North,1233
9/14/2020,North,1255
9/15/2020,North,1262
9/16/2020,North,1289
9/17/2020,North,1311
9/18/2020,North,1318
9/19/2020,North,1321
9/20/2020,North,1337
9/21/2020,North,1351
9/22/2020,North,1362
9/23/2020,North,1369
9/24/2020,North,1381
9/25/2020,North,1394
9/26/2020,North,1402
9/27/2020,North,1405
9/28/2020,North,1412
9/29/2020,North,1423
9/30/2020,North,1436
10/1/2020,North,1444
10/2/2020,North,1465
10/3/2020,North,1473
10/4/2020,North,1477
10/5/2020,North,1486
10/6/2020,North,1497
10/7/2020,North,1507
10/8/2020,North,1517
10/9/2020,North,1532
10/10/2020,North,1550
10/11/2020,North,1560
10/12/2020,North,1569
10/13/2020,North,1577
10/14/2020,North,1591
10/15/2020,North,1613
10/16/2020,North,1635
10/17/2020,North,1644
10/18/2020,North,1679
10/19/2020,North,1703
10/20/2020,North,1713
10/21/2020,North,1743
10/22/2020,North,1780
10/23/2020,North,1806
10/24/2020,North,1859
10/25/2020,North,1893
10/26/2020,North,1914
10/27/2020,North,1936
10/28/2020,North,1968
10/29/2020,North,2012
10/30/2020,North,2043
10/31/2020,North,2099
11/1/2020,North,2135
11/2/2020,North,2166
11/3/2020,North,2187
11/4/2020,North,2237
11/5/2020,North,2292
11/6/2020,North,2342
11/7/2020,North,2396
11/8/2020,North,2440
11/9/2020,North,2482
11/10/2020,North,2526
11/11/2020,North,2570
11/12/2020,North,2655
11/13/2020,North,2716
11/14/2020,North,2786
11/15/2020,North,2850
11/16/2020,North,2894
11/17/2020,North,2924
11/18/2020,North,2985
11/19/2020,North,3040
11/20/2020,North,3092
11/21/2020,North,3161
11/22/2020,North,3254
11/23/2020,North,3331
11/24/2020,North,3442
11/25/2020,North,3487
11/26/2020,North,3536
11/27/2020,North,3638
11/28/2020,North,3730
11/29/2020,North,3811
11/30/2020,North,3908
12/1/2020,North,4041
12/2/2020,North,4135
12/3/2020,North,4261
12/4/2020,North,4353
12/5/2020,North,4478
12/6/2020,North,4594
12/7/2020,North,4759
12/8/2020,North,4864
3/5/2020,South,0
3/6/2020,South,0
3/9/2020,South,0
3/10/2020,South,0
3/11/2020,South,0
3/12/2020,South,0
3/13/2020,South,0
3/14/2020,South,0
3/15/2020,South,0
3/16/2020,South,1
3/17/2020,South,1
3/18/2020,South,3
3/19/2020,South,4
3/20/2020,South,6
3/21/2020,South,7
3/22/2020,South,8
3/23/2020,South,8
3/24/2020,South,10
3/25/2020,South,11
3/26/2020,South,11
3/27/2020,South,13
3/28/2020,South,13
3/29/2020,South,13
3/30/2020,South,13
3/31/2020,South,13
4/1/2020,South,14
4/2/2020,South,17
4/3/2020,South,19
4/4/2020,South,20
4/5/2020,South,22
4/6/2020,South,23
4/7/2020,South,25
4/8/2020,South,26
4/9/2020,South,26
4/10/2020,South,26
4/11/2020,South,29
4/12/2020,South,30
4/13/2020,South,30
4/14/2020,South,33
4/15/2020,South,45
4/16/2020,South,55
4/17/2020,South,77
4/18/2020,South,118
4/19/2020,South,153
4/20/2020,South,203
4/21/2020,South,293
4/22/2020,South,347
4/23/2020,South,434
4/24/2020,South,492
4/25/2020,South,566
4/26/2020,South,624
4/27/2020,South,680
4/28/2020,South,786
4/29/2020,South,905
4/30/2020,South,1033
5/1/2020,South,1065
5/2/2020,South,1083
5/3/2020,South,1091
5/4/2020,South,1103
5/5/2020,South,1111
5/6/2020,South,1118
5/7/2020,South,1132
5/8/2020,South,1141
5/9/2020,South,1153
5/10/2020,South,1159
5/11/2020,South,1162
5/12/2020,South,1166
5/13/2020,South,1179
5/14/2020,South,1191
5/15/2020,South,1205
5/16/2020,South,1213
5/17/2020,South,1217
5/18/2020,South,1221
5/19/2020,South,1225
5/20/2020,South,1229
5/21/2020,South,1233
5/22/2020,South,1238
5/23/2020,South,1240
5/24/2020,South,1246
5/25/2020,South,1246
5/26/2020,South,1247
5/27/2020,South,1247
5/28/2020,South,1247
5/29/2020,South,1247
5/30/2020,South,1247
5/31/2020,South,1251
6/1/2020,South,1251
6/2/2020,South,1253
6/3/2020,South,1254
6/4/2020,South,1255
6/5/2020,South,1257
6/6/2020,South,1257
6/7/2020,South,1265
6/8/2020,South,1266
6/9/2020,South,1266
6/10/2020,South,1267
6/11/2020,South,1268
6/12/2020,South,1270
6/13/2020,South,1273
6/14/2020,South,1275
6/15/2020,South,1275
6/16/2020,South,1282
6/17/2020,South,1284
6/18/2020,South,1284
6/19/2020,South,1285
6/20/2020,South,1285
6/21/2020,South,1285
6/22/2020,South,1286
6/23/2020,South,1288
6/24/2020,South,1290
6/25/2020,South,1292
6/26/2020,South,1300
6/27/2020,South,1300
6/28/2020,South,1304
6/29/2020,South,1308
6/30/2020,South,1309
7/1/2020,South,1332
7/2/2020,South,1357
7/3/2020,South,1364
7/4/2020,South,1370
7/5/2020,South,1372
7/6/2020,South,1374
7/7/2020,South,1379
7/8/2020,South,1385
7/9/2020,South,1397
7/10/2020,South,1409
7/11/2020,South,1418
7/12/2020,South,1424
7/13/2020,South,1430
7/14/2020,South,1450
7/15/2020,South,1464
7/16/2020,South,1478
7/17/2020,South,1488
7/18/2020,South,1495
7/19/2020,South,1503
7/20/2020,South,1525
7/21/2020,South,1537
7/22/2020,South,1551
7/23/2020,South,1566
7/24/2020,South,1580
7/25/2020,South,1591
7/26/2020,South,1596
7/27/2020,South,1613
7/28/2020,South,1626
7/29/2020,South,1640
7/30/2020,South,1648
7/31/2020,South,1654
8/1/2020,South,1663
8/2/2020,South,1668
8/3/2020,South,1673
8/4/2020,South,1676
8/5/2020,South,1679
8/6/2020,South,1685
8/7/2020,South,1689
8/8/2020,South,1694
8/9/2020,South,1695
8/10/2020,South,1703
8/11/2020,South,1706
8/12/2020,South,1709
8/13/2020,South,1709
8/14/2020,South,1709
8/15/2020,South,1711
8/16/2020,South,1714
8/17/2020,South,1717
8/18/2020,South,1717
8/19/2020,South,1720
8/20/2020,South,1720
8/21/2020,South,1721
8/22/2020,South,1721
8/23/2020,South,1722
8/24/2020,South,1724
8/25/2020,South,1726
8/26/2020,South,1726
8/27/2020,South,1729
8/28/2020,South,1734
8/29/2020,South,1737
8/30/2020,South,1740
8/31/2020,South,1745
9/1/2020,South,1747
9/2/2020,South,1752
9/3/2020,South,1754
9/4/2020,South,1758
9/5/2020,South,1762
9/6/2020,South,1765
9/7/2020,South,1766
9/8/2020,South,1771
9/9/2020,South,1774
9/10/2020,South,1777
9/11/2020,South,1780
9/12/2020,South,1782
9/13/2020,South,1782
9/14/2020,South,1784
9/15/2020,South,1787
9/16/2020,South,1796
9/17/2020,South,1800
9/18/2020,South,1802
9/19/2020,South,1809
9/20/2020,South,1812
9/21/2020,South,1815
9/22/2020,South,1819
9/23/2020,South,1822
9/24/2020,South,1823
9/25/2020,South,1826
9/26/2020,South,1828
9/27/2020,South,1829
9/28/2020,South,1829
9/29/2020,South,1829
9/30/2020,South,1830
10/1/2020,South,1833
10/2/2020,South,1835
10/3/2020,South,1849
10/4/2020,South,1876
10/5/2020,South,1892
10/6/2020,South,1906
10/7/2020,South,1914
10/8/2020,South,1927
10/9/2020,South,1943
10/10/2020,South,1963
10/11/2020,South,1973
10/12/2020,South,1989
10/13/2020,South,2021
10/14/2020,South,2041
10/15/2020,South,2056
10/16/2020,South,2077
10/17/2020,South,2086
10/18/2020,South,2102
10/19/2020,South,2119
10/20/2020,South,2138
10/21/2020,South,2151
10/22/2020,South,2197
10/23/2020,South,2211
10/24/2020,South,2247
10/25/2020,South,2273
10/26/2020,South,2290
10/27/2020,South,2313
10/28/2020,South,2333
10/29/2020,South,2379
10/30/2020,South,2421
10/31/2020,South,2454
11/1/2020,South,2481
11/2/2020,South,2506
11/3/2020,South,2537
11/4/2020,South,2596
11/5/2020,South,2661
11/6/2020,South,2716
11/7/2020,South,2764
11/8/2020,South,2803
11/9/2020,South,2824
11/10/2020,South,2887
11/11/2020,South,2925
11/12/2020,South,2964
11/13/2020,South,3025
11/14/2020,South,3053
11/15/2020,South,3104
11/16/2020,South,3151
11/17/2020,South,3186
11/18/2020,South,3256
11/19/2020,South,3345
11/20/2020,South,3408
11/21/2020,South,3460
11/22/2020,South,3528
11/23/2020,South,3559
11/24/2020,South,3616
11/25/2020,South,3663
11/26/2020,South,3706
11/27/2020,South,3752
11/28/2020,South,3799
11/29/2020,South,3885
11/30/2020,South,3926
12/1/2020,South,3979
12/2/2020,South,4027
12/3/2020,South,4080
12/4/2020,South,4124
12/5/2020,South,4189
12/6/2020,South,4244
12/7/2020,South,4304
12/8/2020,South,4339
12/9/2020,AB,75054
12/9/2020,Calgary,29865
12/9/2020,Edmonton,31550
12/9/2020,Central,4093
12/9/2020,North,4982
12/9/2020,South,4378
12/10/2020,AB,76792
12/10/2020,Calgary,30362
12/10/2020,Edmonton,32466
12/10/2020,Central,4247
12/10/2020,North,5077
12/10/2020,South,4445
12/11/2020,AB,78388
12/11/2020,Calgary,30932
12/11/2020,Edmonton,33215
12/11/2020,Central,4377
12/11/2020,North,5195
12/11/2020,South,4490
12/12/2020,AB,80099
12/12/2020,Calgary,31544
12/12/2020,Edmonton,34014
12/12/2020,Central,4518
12/12/2020,North,5312
12/12/2020,South,4512
12/13/2020,AB,81986
12/13/2020,Calgary,32166
12/13/2020,Edmonton,35011
12/13/2020,Central,4624
12/13/2020,North,5415
12/13/2020,South,4549
12/14/2020,AB,83327
12/14/2020,Calgary,32176
12/14/2020,Edmonton,35603
12/14/2020,Central,4711
12/14/2020,North,5538
12/14/2020,South,4594
12/15/2020,AB,84597
12/15/2020,Calgary,33120
12/15/2020,Edmonton,36165
12/15/2020,Central,4813
12/15/2020,North,5639
12/15/2020,South,4640
12/16/2020,AB,86168
12/16/2020,Calgary,33672
12/16/2020,Edmonton,36925
12/16/2020,Central,4940
12/16/2020,North,5726
12/16/2020,South,4674
12/17/2020,AB,87581
12/17/2020,Calgary,34218
12/17/2020,Edmonton,37575
12/17/2020,Central,5072
12/17/2020,North,5800
12/17/2020,South,4703
12/18/2020,AB,88940
12/18/2020,Calgary,34759
12/18/2020,Edmonton,38146
12/18/2020,Central,5202
12/18/2020,North,5874
12/18/2020,South,4729
12/19/2020,AB,90219
12/19/2020,Calgary,35201
12/19/2020,Edmonton,38724
12/19/2020,Central,5340
12/19/2020,North,5950
12/19/2020,South,4771
12/20/2020,AB,91301
12/20/2020,Calgary,35601
12/20/2020,Edmonton,39261
12/20/2020,Central,5472
12/20/2020,North,6035
12/20/2020,South,4790
12/21/2020,AB,92329
12/21/2020,Calgary,35159
12/21/2020,Edmonton,39705
12/21/2020,Central,5573
12/21/2020,North,6159
12/21/2020,South,4813
12/22/2020,AB,93646
12/22/2020,Calgary,36420
12/22/2020,Edmonton,40333
12/22/2020,Central,5670
12/22/2020,North,6244
12/22/2020,South,4837
12/23/2020,AB,94749
12/23/2020,Calgary,36747
12/23/2020,Edmonton,40871
12/23/2020,Central,5779
12/23/2020,North,6353
12/23/2020,South,4849
12/24/2020,AB,95937
12/24/2020,Calgary,37057
12/24/2020,Edmonton,41446
12/24/2020,Central,5916
12/24/2020,North,6463
12/24/2020,South,4900
12/25/2020,AB,96853
12/25/2020,Calgary,37359
12/25/2020,Edmonton,41823
12/25/2020,Central,6050
12/25/2020,North,6549
12/25/2020,South,4915
12/26/2020,AB,97310
12/26/2020,Calgary,37540
12/26/2020,Edmonton,41993
12/26/2020,Central,6103
12/26/2020,North,6592
12/26/2020,South,4924
12/27/2020,AB,98233
12/27/2020,Calgary,37907
12/27/2020,Edmonton,42346
12/27/2020,Central,6236
12/27/2020,North,6651
12/27/2020,South,4934
12/28/2020,AB,99116
12/28/2020,Calgary,38209
12/28/2020,Edmonton,42678
12/28/2020,Central,6359
12/28/2020,North,6754
12/28/2020,South,4953
12/29/2020,AB,100428
12/29/2020,Calgary,38610
12/29/2020,Edmonton,43341
12/29/2020,Central,6466
12/29/2020,North,6849
12/29/2020,South,4983
12/30/2020,AB,101654
12/30/2020,Calgary,39013
12/30/2020,Edmonton,43888
12/30/2020,Central,6586
12/30/2020,North,7010
12/30/2020,South,4982
12/31/2020,AB,103015
12/31/2020,Calgary,39485
12/31/2020,Edmonton,44468
12/31/2020,Central,6729
12/31/2020,North,7113
12/31/2020,South,5033
1/1/2021,AB,103948
1/1/2021,Calgary,39722
1/1/2021,Edmonton,44800
1/1/2021,Central,6906
1/1/2021,North,7272
1/1/2021,South,5048
1/2/2021,AB,104407
1/2/2021,Calgary,39833
1/2/2021,Edmonton,44975
1/2/2021,Central,6978
1/2/2021,North,7336
1/2/2021,South,5081
1/3/2021,AB,105535
1/3/2021,Calgary,40379
1/3/2021,Edmonton,45312
1/3/2021,Central,7069
1/3/2021,North,7459
1/3/2021,South,5097
1/4/2021,AB,106368
1/4/2021,Calgary,40669
1/4/2021,Edmonton,45647
1/4/2021,Central,7145
1/4/2021,North,7585
1/4/2021,South,5116
1/5/2021,AB,107501
1/5/2021,Calgary,41094
1/5/2021,Edmonton,46073
1/5/2021,Central,7266
1/5/2021,North,7701
1/5/2021,South,5146
1/6/2021,AB,108482
1/6/2021,Calgary,41508
1/6/2021,Edmonton,46401
1/6/2021,Central,7835
1/6/2021,North,7367
1/6/2021,South,5167
1/7/2021,AB,109652
1/7/2021,Calgary,41905
1/7/2021,Edmonton,46793
1/7/2021,Central,8036
1/7/2021,North,8034
1/7/2021,South,5196
1/8/2021,AB,110645
1/8/2021,Calgary,42275
1/8/2021,Edmonton,47115
1/8/2021,Central,7637
1/8/2021,North,8196
1/8/2021,South,5237
1/9/2021,AB,111452
1/9/2021,Calgary,42614
1/9/2021,Edmonton,47349
1/9/2021,Central,7724
1/9/2021,North,8303
1/9/2021,South,5262
1/10/2021,AB,112091
1/10/2021,Calgary,42888
1/10/2021,Edmonton,47543
1/10/2021,Central,7797
1/10/2021,North,8387
1/10/2021,South,5282
1/11/2021,AB,112743
1/11/2021,Calgary,43140
1/11/2021,Edmonton,47798
1/11/2021,Central,7834
1/11/2021,North,8494
1/11/2021,South,5300
